Parameters;fold1;fold2;fold3;fold4;fold5
[32]_0.001_0.3_20_['tanh'];{'0': {'precision': 0.7862340812613705, 'recall': 0.5462397303560144, 'f1-score': 0.6446239900559354, 'support': 4747}, '1': {'precision': 0.5872772561793447, 'recall': 0.8129973474801061, 'f1-score': 0.6819445989542774, 'support': 3770}, 'accuracy': 0.6643184219795703, 'macro avg': {'precision': 0.6867556687203575, 'recall': 0.6796185389180602, 'f1-score': 0.6632842945051064, 'support': 8517}, 'weighted avg': {'precision': 0.6981670118050788, 'recall': 0.6643184219795703, 'f1-score': 0.6611437382708879, 'support': 8517}};{'0': {'precision': 0.8108479231033299, 'recall': 0.4998941798941799, 'f1-score': 0.6184865147944488, 'support': 4725}, '1': {'precision': 0.5762195121951219, 'recall': 0.8536131774707758, 'f1-score': 0.6880085653104925, 'support': 3764}, 'accuracy': 0.6567322417245848, 'macro avg': {'precision': 0.6935337176492259, 'recall': 0.6767536786824778, 'f1-score': 0.6532475400524707, 'support': 8489}, 'weighted avg': {'precision': 0.7068143103505328, 'recall': 0.6567322417245848, 'f1-score': 0.6493124069068753, 'support': 8489}};{'0': {'precision': 0.7727517501346257, 'recall': 0.611809848646344, 'f1-score': 0.6829268292682926, 'support': 4691}, '1': {'precision': 0.6165508528111181, 'recall': 0.7762460233297985, 'f1-score': 0.6872432813050111, 'support': 3772}, 'accuracy': 0.685099846390169, 'macro avg': {'precision': 0.6946513014728719, 'recall': 0.6940279359880712, 'f1-score': 0.6850850552866519, 'support': 8463}, 'weighted avg': {'precision': 0.7031322553095908, 'recall': 0.685099846390169, 'f1-score': 0.6848506928016145, 'support': 8463}};{'0': {'precision': 0.7843833185448092, 'recall': 0.5623409669211196, 'f1-score': 0.6550574286772879, 'support': 4716}, '1': {'precision': 0.5948969578017664, 'recall': 0.8061170212765958, 'f1-score': 0.6845849802371541, 'support': 3760}, 'accuracy': 0.6704813591316658, 'macro avg': {'precision': 0.6896401381732878, 'recall': 0.6842289940988577, 'f1-score': 0.6698212044572209, 'support': 8476}, 'weighted avg': {'precision': 0.7003261316177397, 'recall': 0.6704813591316658, 'f1-score': 0.6681560121913389, 'support': 8476}};{'0': {'precision': 0.7978723404255319, 'recall': 0.5047318611987381, 'f1-score': 0.6183176606981837, 'support': 4755}, '1': {'precision': 0.573060188542422, 'recall': 0.8386840010612895, 'f1-score': 0.6808831448572967, 'support': 3769}, 'accuracy': 0.6523932426091037, 'macro avg': {'precision': 0.685466264483977, 'recall': 0.6717079311300138, 'f1-score': 0.6496004027777402, 'support': 8524}, 'weighted avg': {'precision': 0.698468656656475, 'recall': 0.6523932426091037, 'f1-score': 0.6459818218661444, 'support': 8524}}
[32]_0.001_0.3_20_['sigmoid'];{'0': {'precision': 0.0, 'recall': 0.0, 'f1-score': 0.0, 'support': 4747}, '1': {'precision': 0.4426441235176705, 'recall': 1.0, 'f1-score': 0.6136567103442663, 'support': 3770}, 'accuracy': 0.4426441235176705, 'macro avg': {'precision': 0.22132206175883526, 'recall': 0.5, 'f1-score': 0.30682835517213314, 'support': 8517}, 'weighted avg': {'precision': 0.19593382008472676, 'recall': 0.4426441235176705, 'f1-score': 0.27163153669107476, 'support': 8517}};{'0': {'precision': 0.0, 'recall': 0.0, 'f1-score': 0.0, 'support': 4725}, '1': {'precision': 0.4433973377311815, 'recall': 1.0, 'f1-score': 0.6143801517995593, 'support': 3764}, 'accuracy': 0.4433973377311815, 'macro avg': {'precision': 0.22169866886559075, 'recall': 0.5, 'f1-score': 0.30719007589977965, 'support': 8489}, 'weighted avg': {'precision': 0.19660119910709944, 'recall': 0.4433973377311815, 'f1-score': 0.2724145236628038, 'support': 8489}};{'0': {'precision': 0.0, 'recall': 0.0, 'f1-score': 0.0, 'support': 4691}, '1': {'precision': 0.445704832801607, 'recall': 1.0, 'f1-score': 0.6165917449938702, 'support': 3772}, 'accuracy': 0.445704832801607, 'macro avg': {'precision': 0.2228524164008035, 'recall': 0.5, 'f1-score': 0.3082958724969351, 'support': 8463}, 'weighted avg': {'precision': 0.19865279798270843, 'recall': 0.445704832801607, 'f1-score': 0.274817920609344, 'support': 8463}};{'0': {'precision': 0.0, 'recall': 0.0, 'f1-score': 0.0, 'support': 4716}, '1': {'precision': 0.44360547428032093, 'recall': 1.0, 'f1-score': 0.6145799280810722, 'support': 3760}, 'accuracy': 0.44360547428032093, 'macro avg': {'precision': 0.22180273714016047, 'recall': 0.5, 'f1-score': 0.3072899640405361, 'support': 8476}, 'weighted avg': {'precision': 0.19678581681146848, 'recall': 0.44360547428032093, 'f1-score': 0.27263102047956955, 'support': 8476}};{'0': {'precision': 0.0, 'recall': 0.0, 'f1-score': 0.0, 'support': 4755}, '1': {'precision': 0.44216330361332706, 'recall': 1.0, 'f1-score': 0.6131945009354918, 'support': 3769}, 'accuracy': 0.44216330361332706, 'macro avg': {'precision': 0.22108165180666353, 'recall': 0.5, 'f1-score': 0.3065972504677459, 'support': 8524}, 'weighted avg': {'precision': 0.19550838706225127, 'recall': 0.44216330361332706, 'f1-score': 0.2711321062911624, 'support': 8524}}
[32]_0.001_0.3_50_['tanh'];{'0': {'precision': 0.7165573444643212, 'recall': 0.7594270065304403, 'f1-score': 0.7373696052362446, 'support': 4747}, '1': {'precision': 0.672403901319564, 'recall': 0.6217506631299735, 'f1-score': 0.6460859977949283, 'support': 3770}, 'accuracy': 0.6984853821768229, 'macro avg': {'precision': 0.6944806228919426, 'recall': 0.6905888348302069, 'f1-score': 0.6917278015155864, 'support': 8517}, 'weighted avg': {'precision': 0.6970130823232229, 'recall': 0.6984853821768229, 'f1-score': 0.696963452828852, 'support': 8517}};{'0': {'precision': 0.771980172188886, 'recall': 0.6262433862433863, 'f1-score': 0.6915167095115682, 'support': 4725}, '1': {'precision': 0.6207044673539519, 'recall': 0.7678002125398512, 'f1-score': 0.6864608076009501, 'support': 3764}, 'accuracy': 0.6890093061609142, 'macro avg': {'precision': 0.6963423197714189, 'recall': 0.6970217993916188, 'f1-score': 0.6889887585562591, 'support': 8489}, 'weighted avg': {'precision': 0.7049049274016682, 'recall': 0.6890093061609142, 'f1-score': 0.6892749360645701, 'support': 8489}};{'0': {'precision': 0.7333906686734035, 'recall': 0.7271370709869964, 'f1-score': 0.7302504816955684, 'support': 4691}, '1': {'precision': 0.664218258132214, 'recall': 0.6712619300106044, 'f1-score': 0.6677215189873418, 'support': 3772}, 'accuracy': 0.7022332506203474, 'macro avg': {'precision': 0.6988044634028088, 'recall': 0.6991995004988004, 'f1-score': 0.6989860003414551, 'support': 8463}, 'weighted avg': {'precision': 0.7025601909986584, 'recall': 0.7022332506203474, 'f1-score': 0.7023810208264404, 'support': 8463}};{'0': {'precision': 0.7843833185448092, 'recall': 0.5623409669211196, 'f1-score': 0.6550574286772879, 'support': 4716}, '1': {'precision': 0.5948969578017664, 'recall': 0.8061170212765958, 'f1-score': 0.6845849802371541, 'support': 3760}, 'accuracy': 0.6704813591316658, 'macro avg': {'precision': 0.6896401381732878, 'recall': 0.6842289940988577, 'f1-score': 0.6698212044572209, 'support': 8476}, 'weighted avg': {'precision': 0.7003261316177397, 'recall': 0.6704813591316658, 'f1-score': 0.6681560121913389, 'support': 8476}};{'0': {'precision': 0.7529595711413893, 'recall': 0.708937960042061, 'f1-score': 0.7302859618717504, 'support': 4755}, '1': {'precision': 0.6580182851494935, 'recall': 0.7065534624568851, 'f1-score': 0.6814227226202662, 'support': 3769}, 'accuracy': 0.7078836227123416, 'macro avg': {'precision': 0.7054889281454414, 'recall': 0.707745711249473, 'f1-score': 0.7058543422460083, 'support': 8524}, 'weighted avg': {'precision': 0.710980018477915, 'recall': 0.7078836227123416, 'f1-score': 0.7086804305790658, 'support': 8524}}
[32]_0.001_0.3_50_['sigmoid'];{'0': {'precision': 0.0, 'recall': 0.0, 'f1-score': 0.0, 'support': 4747}, '1': {'precision': 0.4426441235176705, 'recall': 1.0, 'f1-score': 0.6136567103442663, 'support': 3770}, 'accuracy': 0.4426441235176705, 'macro avg': {'precision': 0.22132206175883526, 'recall': 0.5, 'f1-score': 0.30682835517213314, 'support': 8517}, 'weighted avg': {'precision': 0.19593382008472676, 'recall': 0.4426441235176705, 'f1-score': 0.27163153669107476, 'support': 8517}};{'0': {'precision': 0.0, 'recall': 0.0, 'f1-score': 0.0, 'support': 4725}, '1': {'precision': 0.4433973377311815, 'recall': 1.0, 'f1-score': 0.6143801517995593, 'support': 3764}, 'accuracy': 0.4433973377311815, 'macro avg': {'precision': 0.22169866886559075, 'recall': 0.5, 'f1-score': 0.30719007589977965, 'support': 8489}, 'weighted avg': {'precision': 0.19660119910709944, 'recall': 0.4433973377311815, 'f1-score': 0.2724145236628038, 'support': 8489}};{'0': {'precision': 0.0, 'recall': 0.0, 'f1-score': 0.0, 'support': 4691}, '1': {'precision': 0.445704832801607, 'recall': 1.0, 'f1-score': 0.6165917449938702, 'support': 3772}, 'accuracy': 0.445704832801607, 'macro avg': {'precision': 0.2228524164008035, 'recall': 0.5, 'f1-score': 0.3082958724969351, 'support': 8463}, 'weighted avg': {'precision': 0.19865279798270843, 'recall': 0.445704832801607, 'f1-score': 0.274817920609344, 'support': 8463}};{'0': {'precision': 0.0, 'recall': 0.0, 'f1-score': 0.0, 'support': 4716}, '1': {'precision': 0.44360547428032093, 'recall': 1.0, 'f1-score': 0.6145799280810722, 'support': 3760}, 'accuracy': 0.44360547428032093, 'macro avg': {'precision': 0.22180273714016047, 'recall': 0.5, 'f1-score': 0.3072899640405361, 'support': 8476}, 'weighted avg': {'precision': 0.19678581681146848, 'recall': 0.44360547428032093, 'f1-score': 0.27263102047956955, 'support': 8476}};{'0': {'precision': 0.0, 'recall': 0.0, 'f1-score': 0.0, 'support': 4755}, '1': {'precision': 0.44216330361332706, 'recall': 1.0, 'f1-score': 0.6131945009354918, 'support': 3769}, 'accuracy': 0.44216330361332706, 'macro avg': {'precision': 0.22108165180666353, 'recall': 0.5, 'f1-score': 0.3065972504677459, 'support': 8524}, 'weighted avg': {'precision': 0.19550838706225127, 'recall': 0.44216330361332706, 'f1-score': 0.2711321062911624, 'support': 8524}}
[32]_0.001_0.4_20_['tanh'];{'0': {'precision': 0.7727150175249393, 'recall': 0.6037497366757952, 'f1-score': 0.6778618732261116, 'support': 4747}, '1': {'precision': 0.6087770382695508, 'recall': 0.7763925729442971, 'f1-score': 0.6824434600139893, 'support': 3770}, 'accuracy': 0.6801690736174709, 'macro avg': {'precision': 0.690746027897245, 'recall': 0.6900711548100462, 'f1-score': 0.6801526666200504, 'support': 8517}, 'weighted avg': {'precision': 0.7001488343861798, 'recall': 0.6801690736174709, 'f1-score': 0.6798898856941519, 'support': 8517}};{'0': {'precision': 0.7848319448434358, 'recall': 0.5782010582010582, 'f1-score': 0.6658542529856203, 'support': 4725}, '1': {'precision': 0.6020367412140575, 'recall': 0.8010095642933049, 'f1-score': 0.6874145006839946, 'support': 3764}, 'accuracy': 0.6769937566262222, 'macro avg': {'precision': 0.6934343430287466, 'recall': 0.6896053112471816, 'f1-score': 0.6766343768348074, 'support': 8489}, 'weighted avg': {'precision': 0.7037810382041403, 'recall': 0.6769937566262222, 'f1-score': 0.6754140094159042, 'support': 8489}};{'0': {'precision': 0.7702047413793104, 'recall': 0.6094649328501386, 'f1-score': 0.6804712602641914, 'support': 4691}, '1': {'precision': 0.6143969690591454, 'recall': 0.7738600212089077, 'f1-score': 0.6849700809574094, 'support': 3772}, 'accuracy': 0.6827366182204891, 'macro avg': {'precision': 0.6923008552192279, 'recall': 0.6916624770295232, 'f1-score': 0.6827206706108004, 'support': 8463}, 'weighted avg': {'precision': 0.7007604642681605, 'recall': 0.6827366182204891, 'f1-score': 0.6824764063890665, 'support': 8463}};{'0': {'precision': 0.7627335551574098, 'recall': 0.631891433418151, 'f1-score': 0.6911747651629363, 'support': 4716}, '1': {'precision': 0.6200481505799956, 'recall': 0.7534574468085107, 'f1-score': 0.6802737423460199, 'support': 3760}, 'accuracy': 0.6858187824445493, 'macro avg': {'precision': 0.6913908528687027, 'recall': 0.6926744401133309, 'f1-score': 0.6857242537544781, 'support': 8476}, 'weighted avg': {'precision': 0.6994375285869665, 'recall': 0.6858187824445493, 'f1-score': 0.6863390117660975, 'support': 8476}};{'0': {'precision': 0.8005292755540854, 'recall': 0.508937960042061, 'f1-score': 0.6222679352018515, 'support': 4755}, '1': {'precision': 0.5755317215051808, 'recall': 0.840010612894667, 'f1-score': 0.6830636461704422, 'support': 3769}, 'accuracy': 0.6553261379633974, 'macro avg': {'precision': 0.688030498529633, 'recall': 0.674474286468364, 'f1-score': 0.6526657906861468, 'support': 8524}, 'weighted avg': {'precision': 0.7010436137509036, 'recall': 0.6553261379633974, 'f1-score': 0.6491495676092447, 'support': 8524}}
[32]_0.001_0.4_20_['sigmoid'];{'0': {'precision': 0.0, 'recall': 0.0, 'f1-score': 0.0, 'support': 4747}, '1': {'precision': 0.4426441235176705, 'recall': 1.0, 'f1-score': 0.6136567103442663, 'support': 3770}, 'accuracy': 0.4426441235176705, 'macro avg': {'precision': 0.22132206175883526, 'recall': 0.5, 'f1-score': 0.30682835517213314, 'support': 8517}, 'weighted avg': {'precision': 0.19593382008472676, 'recall': 0.4426441235176705, 'f1-score': 0.27163153669107476, 'support': 8517}};{'0': {'precision': 0.0, 'recall': 0.0, 'f1-score': 0.0, 'support': 4725}, '1': {'precision': 0.4433973377311815, 'recall': 1.0, 'f1-score': 0.6143801517995593, 'support': 3764}, 'accuracy': 0.4433973377311815, 'macro avg': {'precision': 0.22169866886559075, 'recall': 0.5, 'f1-score': 0.30719007589977965, 'support': 8489}, 'weighted avg': {'precision': 0.19660119910709944, 'recall': 0.4433973377311815, 'f1-score': 0.2724145236628038, 'support': 8489}};{'0': {'precision': 0.0, 'recall': 0.0, 'f1-score': 0.0, 'support': 4691}, '1': {'precision': 0.445704832801607, 'recall': 1.0, 'f1-score': 0.6165917449938702, 'support': 3772}, 'accuracy': 0.445704832801607, 'macro avg': {'precision': 0.2228524164008035, 'recall': 0.5, 'f1-score': 0.3082958724969351, 'support': 8463}, 'weighted avg': {'precision': 0.19865279798270843, 'recall': 0.445704832801607, 'f1-score': 0.274817920609344, 'support': 8463}};{'0': {'precision': 0.0, 'recall': 0.0, 'f1-score': 0.0, 'support': 4716}, '1': {'precision': 0.44360547428032093, 'recall': 1.0, 'f1-score': 0.6145799280810722, 'support': 3760}, 'accuracy': 0.44360547428032093, 'macro avg': {'precision': 0.22180273714016047, 'recall': 0.5, 'f1-score': 0.3072899640405361, 'support': 8476}, 'weighted avg': {'precision': 0.19678581681146848, 'recall': 0.44360547428032093, 'f1-score': 0.27263102047956955, 'support': 8476}};{'0': {'precision': 0.0, 'recall': 0.0, 'f1-score': 0.0, 'support': 4755}, '1': {'precision': 0.44216330361332706, 'recall': 1.0, 'f1-score': 0.6131945009354918, 'support': 3769}, 'accuracy': 0.44216330361332706, 'macro avg': {'precision': 0.22108165180666353, 'recall': 0.5, 'f1-score': 0.3065972504677459, 'support': 8524}, 'weighted avg': {'precision': 0.19550838706225127, 'recall': 0.44216330361332706, 'f1-score': 0.2711321062911624, 'support': 8524}}
[32]_0.001_0.4_50_['tanh'];{'0': {'precision': 0.7581047381546134, 'recall': 0.6404044659785127, 'f1-score': 0.694301701495946, 'support': 4747}, '1': {'precision': 0.6212558242733526, 'recall': 0.7427055702917772, 'f1-score': 0.6765736377914704, 'support': 3770}, 'accuracy': 0.6856874486321475, 'macro avg': {'precision': 0.6896802812139831, 'recall': 0.691555018135145, 'f1-score': 0.6854376696437082, 'support': 8517}, 'weighted avg': {'precision': 0.6975293706152976, 'recall': 0.6856874486321475, 'f1-score': 0.6864544782758131, 'support': 8517}};{'0': {'precision': 0.7338160136286201, 'recall': 0.7293121693121694, 'f1-score': 0.7315571595372042, 'support': 4725}, '1': {'precision': 0.6627998945425785, 'recall': 0.6679064824654622, 'f1-score': 0.66534339023422, 'support': 3764}, 'accuracy': 0.7020850512427848, 'macro avg': {'precision': 0.6983079540855993, 'recall': 0.6986093258888157, 'f1-score': 0.6984502748857121, 'support': 8489}, 'weighted avg': {'precision': 0.7023276554898688, 'recall': 0.7020850512427848, 'f1-score': 0.7021981505071144, 'support': 8489}};{'0': {'precision': 0.7676950998185118, 'recall': 0.6312086975058623, 'f1-score': 0.6927936359382312, 'support': 4691}, '1': {'precision': 0.6244029526704299, 'recall': 0.7624602332979852, 'f1-score': 0.6865600381952733, 'support': 3772}, 'accuracy': 0.6897081413210445, 'macro avg': {'precision': 0.6960490262444708, 'recall': 0.6968344654019237, 'f1-score': 0.6896768370667523, 'support': 8463}, 'weighted avg': {'precision': 0.7038290973320926, 'recall': 0.6897081413210445, 'f1-score': 0.6900152912984537, 'support': 8463}};{'0': {'precision': 0.7592088998763906, 'recall': 0.6511874469889737, 'f1-score': 0.7010615226572308, 'support': 4716}, '1': {'precision': 0.6287519747235387, 'recall': 0.7409574468085106, 'f1-score': 0.6802588206568185, 'support': 3760}, 'accuracy': 0.6910099103350638, 'macro avg': {'precision': 0.6939804372999647, 'recall': 0.6960724468987421, 'f1-score': 0.6906601716570246, 'support': 8476}, 'weighted avg': {'precision': 0.7013374937208073, 'recall': 0.6910099103350638, 'f1-score': 0.6918333301700257, 'support': 8476}};{'0': {'precision': 0.7763779527559055, 'recall': 0.6220820189274447, 'f1-score': 0.6907180385288967, 'support': 4755}, '1': {'precision': 0.6187950784896055, 'recall': 0.7739453435924648, 'f1-score': 0.6877283979724155, 'support': 3769}, 'accuracy': 0.6892304082590334, 'macro avg': {'precision': 0.6975865156227554, 'recall': 0.6980136812599548, 'f1-score': 0.6892232182506561, 'support': 8524}, 'weighted avg': {'precision': 0.7067005884774348, 'recall': 0.6892304082590334, 'f1-score': 0.6893961291838265, 'support': 8524}}
[32]_0.001_0.4_50_['sigmoid'];{'0': {'precision': 0.0, 'recall': 0.0, 'f1-score': 0.0, 'support': 4747}, '1': {'precision': 0.4426441235176705, 'recall': 1.0, 'f1-score': 0.6136567103442663, 'support': 3770}, 'accuracy': 0.4426441235176705, 'macro avg': {'precision': 0.22132206175883526, 'recall': 0.5, 'f1-score': 0.30682835517213314, 'support': 8517}, 'weighted avg': {'precision': 0.19593382008472676, 'recall': 0.4426441235176705, 'f1-score': 0.27163153669107476, 'support': 8517}};{'0': {'precision': 0.0, 'recall': 0.0, 'f1-score': 0.0, 'support': 4725}, '1': {'precision': 0.4433973377311815, 'recall': 1.0, 'f1-score': 0.6143801517995593, 'support': 3764}, 'accuracy': 0.4433973377311815, 'macro avg': {'precision': 0.22169866886559075, 'recall': 0.5, 'f1-score': 0.30719007589977965, 'support': 8489}, 'weighted avg': {'precision': 0.19660119910709944, 'recall': 0.4433973377311815, 'f1-score': 0.2724145236628038, 'support': 8489}};{'0': {'precision': 0.0, 'recall': 0.0, 'f1-score': 0.0, 'support': 4691}, '1': {'precision': 0.445704832801607, 'recall': 1.0, 'f1-score': 0.6165917449938702, 'support': 3772}, 'accuracy': 0.445704832801607, 'macro avg': {'precision': 0.2228524164008035, 'recall': 0.5, 'f1-score': 0.3082958724969351, 'support': 8463}, 'weighted avg': {'precision': 0.19865279798270843, 'recall': 0.445704832801607, 'f1-score': 0.274817920609344, 'support': 8463}};{'0': {'precision': 0.0, 'recall': 0.0, 'f1-score': 0.0, 'support': 4716}, '1': {'precision': 0.44360547428032093, 'recall': 1.0, 'f1-score': 0.6145799280810722, 'support': 3760}, 'accuracy': 0.44360547428032093, 'macro avg': {'precision': 0.22180273714016047, 'recall': 0.5, 'f1-score': 0.3072899640405361, 'support': 8476}, 'weighted avg': {'precision': 0.19678581681146848, 'recall': 0.44360547428032093, 'f1-score': 0.27263102047956955, 'support': 8476}};{'0': {'precision': 0.0, 'recall': 0.0, 'f1-score': 0.0, 'support': 4755}, '1': {'precision': 0.44216330361332706, 'recall': 1.0, 'f1-score': 0.6131945009354918, 'support': 3769}, 'accuracy': 0.44216330361332706, 'macro avg': {'precision': 0.22108165180666353, 'recall': 0.5, 'f1-score': 0.3065972504677459, 'support': 8524}, 'weighted avg': {'precision': 0.19550838706225127, 'recall': 0.44216330361332706, 'f1-score': 0.2711321062911624, 'support': 8524}}
[32]_0.0001_0.3_20_['tanh'];{'0': {'precision': 0.5590801886792452, 'recall': 0.9987360438171476, 'f1-score': 0.7168670144401602, 'support': 4747}, '1': {'precision': 0.8378378378378378, 'recall': 0.008222811671087533, 'f1-score': 0.016285789335434724, 'support': 3770}, 'accuracy': 0.5602911823411999, 'macro avg': {'precision': 0.6984590132585415, 'recall': 0.5034794277441176, 'f1-score': 0.36657640188779744, 'support': 8517}, 'weighted avg': {'precision': 0.6824706239648969, 'recall': 0.5602911823411999, 'f1-score': 0.40675885210074314, 'support': 8517}};{'0': {'precision': 0.5586737714624038, 'recall': 0.9985185185185185, 'f1-score': 0.7164768413059984, 'support': 4725}, '1': {'precision': 0.8409090909090909, 'recall': 0.009829968119022316, 'f1-score': 0.019432773109243698, 'support': 3764}, 'accuracy': 0.5601366474260808, 'macro avg': {'precision': 0.6997914311857474, 'recall': 0.5041742433187704, 'f1-score': 0.3679548072076211, 'support': 8489}, 'weighted avg': {'precision': 0.6838161607187745, 'recall': 0.5601366474260808, 'f1-score': 0.40740935718624527, 'support': 8489}};{'0': {'precision': 0.5560431740007117, 'recall': 0.9993604775101258, 'f1-score': 0.7145252248132906, 'support': 4691}, '1': {'precision': 0.90625, 'recall': 0.0076882290562036056, 'f1-score': 0.015247108307045216, 'support': 3772}, 'accuracy': 0.5573673638189767, 'macro avg': {'precision': 0.7311465870003558, 'recall': 0.5035243532831647, 'f1-score': 0.3648861665601679, 'support': 8463}, 'weighted avg': {'precision': 0.712132048828706, 'recall': 0.5573673638189767, 'f1-score': 0.4028535888140518, 'support': 8463}};{'0': {'precision': 0.5568678398488248, 'recall': 0.9997879558948262, 'f1-score': 0.7153151786391564, 'support': 4716}, '1': {'precision': 0.8888888888888888, 'recall': 0.002127659574468085, 'f1-score': 0.004245157866808172, 'support': 3760}, 'accuracy': 0.5572203869749882, 'macro avg': {'precision': 0.7228783643688568, 'recall': 0.5009578077346472, 'f1-score': 0.35978016825298226, 'support': 8476}, 'weighted avg': {'precision': 0.7041541947792922, 'recall': 0.5572203869749882, 'f1-score': 0.39988062482792125, 'support': 8476}};{'0': {'precision': 0.5578366963866729, 'recall': 1.0, 'f1-score': 0.7161683861736576, 'support': 4755}, '1': {'precision': 0.0, 'recall': 0.0, 'f1-score': 0.0, 'support': 3769}, 'accuracy': 0.5578366963866729, 'macro avg': {'precision': 0.27891834819333644, 'recall': 0.5, 'f1-score': 0.3580841930868288, 'support': 8524}, 'weighted avg': {'precision': 0.3111817798355971, 'recall': 0.5578366963866729, 'f1-score': 0.3995050065996882, 'support': 8524}}
[32]_0.0001_0.3_20_['sigmoid'];{'0': {'precision': 0.0, 'recall': 0.0, 'f1-score': 0.0, 'support': 4747}, '1': {'precision': 0.4426441235176705, 'recall': 1.0, 'f1-score': 0.6136567103442663, 'support': 3770}, 'accuracy': 0.4426441235176705, 'macro avg': {'precision': 0.22132206175883526, 'recall': 0.5, 'f1-score': 0.30682835517213314, 'support': 8517}, 'weighted avg': {'precision': 0.19593382008472676, 'recall': 0.4426441235176705, 'f1-score': 0.27163153669107476, 'support': 8517}};{'0': {'precision': 0.0, 'recall': 0.0, 'f1-score': 0.0, 'support': 4725}, '1': {'precision': 0.4433973377311815, 'recall': 1.0, 'f1-score': 0.6143801517995593, 'support': 3764}, 'accuracy': 0.4433973377311815, 'macro avg': {'precision': 0.22169866886559075, 'recall': 0.5, 'f1-score': 0.30719007589977965, 'support': 8489}, 'weighted avg': {'precision': 0.19660119910709944, 'recall': 0.4433973377311815, 'f1-score': 0.2724145236628038, 'support': 8489}};{'0': {'precision': 0.0, 'recall': 0.0, 'f1-score': 0.0, 'support': 4691}, '1': {'precision': 0.445704832801607, 'recall': 1.0, 'f1-score': 0.6165917449938702, 'support': 3772}, 'accuracy': 0.445704832801607, 'macro avg': {'precision': 0.2228524164008035, 'recall': 0.5, 'f1-score': 0.3082958724969351, 'support': 8463}, 'weighted avg': {'precision': 0.19865279798270843, 'recall': 0.445704832801607, 'f1-score': 0.274817920609344, 'support': 8463}};{'0': {'precision': 0.0, 'recall': 0.0, 'f1-score': 0.0, 'support': 4716}, '1': {'precision': 0.44360547428032093, 'recall': 1.0, 'f1-score': 0.6145799280810722, 'support': 3760}, 'accuracy': 0.44360547428032093, 'macro avg': {'precision': 0.22180273714016047, 'recall': 0.5, 'f1-score': 0.3072899640405361, 'support': 8476}, 'weighted avg': {'precision': 0.19678581681146848, 'recall': 0.44360547428032093, 'f1-score': 0.27263102047956955, 'support': 8476}};{'0': {'precision': 0.0, 'recall': 0.0, 'f1-score': 0.0, 'support': 4755}, '1': {'precision': 0.44216330361332706, 'recall': 1.0, 'f1-score': 0.6131945009354918, 'support': 3769}, 'accuracy': 0.44216330361332706, 'macro avg': {'precision': 0.22108165180666353, 'recall': 0.5, 'f1-score': 0.3065972504677459, 'support': 8524}, 'weighted avg': {'precision': 0.19550838706225127, 'recall': 0.44216330361332706, 'f1-score': 0.2711321062911624, 'support': 8524}}
[32]_0.0001_0.3_50_['tanh'];{'0': {'precision': 0.5590801886792452, 'recall': 0.9987360438171476, 'f1-score': 0.7168670144401602, 'support': 4747}, '1': {'precision': 0.8378378378378378, 'recall': 0.008222811671087533, 'f1-score': 0.016285789335434724, 'support': 3770}, 'accuracy': 0.5602911823411999, 'macro avg': {'precision': 0.6984590132585415, 'recall': 0.5034794277441176, 'f1-score': 0.36657640188779744, 'support': 8517}, 'weighted avg': {'precision': 0.6824706239648969, 'recall': 0.5602911823411999, 'f1-score': 0.40675885210074314, 'support': 8517}};{'0': {'precision': 0.5586737714624038, 'recall': 0.9985185185185185, 'f1-score': 0.7164768413059984, 'support': 4725}, '1': {'precision': 0.8409090909090909, 'recall': 0.009829968119022316, 'f1-score': 0.019432773109243698, 'support': 3764}, 'accuracy': 0.5601366474260808, 'macro avg': {'precision': 0.6997914311857474, 'recall': 0.5041742433187704, 'f1-score': 0.3679548072076211, 'support': 8489}, 'weighted avg': {'precision': 0.6838161607187745, 'recall': 0.5601366474260808, 'f1-score': 0.40740935718624527, 'support': 8489}};{'0': {'precision': 0.5560431740007117, 'recall': 0.9993604775101258, 'f1-score': 0.7145252248132906, 'support': 4691}, '1': {'precision': 0.90625, 'recall': 0.0076882290562036056, 'f1-score': 0.015247108307045216, 'support': 3772}, 'accuracy': 0.5573673638189767, 'macro avg': {'precision': 0.7311465870003558, 'recall': 0.5035243532831647, 'f1-score': 0.3648861665601679, 'support': 8463}, 'weighted avg': {'precision': 0.712132048828706, 'recall': 0.5573673638189767, 'f1-score': 0.4028535888140518, 'support': 8463}};{'0': {'precision': 0.5568678398488248, 'recall': 0.9997879558948262, 'f1-score': 0.7153151786391564, 'support': 4716}, '1': {'precision': 0.8888888888888888, 'recall': 0.002127659574468085, 'f1-score': 0.004245157866808172, 'support': 3760}, 'accuracy': 0.5572203869749882, 'macro avg': {'precision': 0.7228783643688568, 'recall': 0.5009578077346472, 'f1-score': 0.35978016825298226, 'support': 8476}, 'weighted avg': {'precision': 0.7041541947792922, 'recall': 0.5572203869749882, 'f1-score': 0.39988062482792125, 'support': 8476}};{'0': {'precision': 0.5578366963866729, 'recall': 1.0, 'f1-score': 0.7161683861736576, 'support': 4755}, '1': {'precision': 0.0, 'recall': 0.0, 'f1-score': 0.0, 'support': 3769}, 'accuracy': 0.5578366963866729, 'macro avg': {'precision': 0.27891834819333644, 'recall': 0.5, 'f1-score': 0.3580841930868288, 'support': 8524}, 'weighted avg': {'precision': 0.3111817798355971, 'recall': 0.5578366963866729, 'f1-score': 0.3995050065996882, 'support': 8524}}
[32]_0.0001_0.3_50_['sigmoid'];{'0': {'precision': 0.0, 'recall': 0.0, 'f1-score': 0.0, 'support': 4747}, '1': {'precision': 0.4426441235176705, 'recall': 1.0, 'f1-score': 0.6136567103442663, 'support': 3770}, 'accuracy': 0.4426441235176705, 'macro avg': {'precision': 0.22132206175883526, 'recall': 0.5, 'f1-score': 0.30682835517213314, 'support': 8517}, 'weighted avg': {'precision': 0.19593382008472676, 'recall': 0.4426441235176705, 'f1-score': 0.27163153669107476, 'support': 8517}};{'0': {'precision': 0.0, 'recall': 0.0, 'f1-score': 0.0, 'support': 4725}, '1': {'precision': 0.4433973377311815, 'recall': 1.0, 'f1-score': 0.6143801517995593, 'support': 3764}, 'accuracy': 0.4433973377311815, 'macro avg': {'precision': 0.22169866886559075, 'recall': 0.5, 'f1-score': 0.30719007589977965, 'support': 8489}, 'weighted avg': {'precision': 0.19660119910709944, 'recall': 0.4433973377311815, 'f1-score': 0.2724145236628038, 'support': 8489}};{'0': {'precision': 0.0, 'recall': 0.0, 'f1-score': 0.0, 'support': 4691}, '1': {'precision': 0.445704832801607, 'recall': 1.0, 'f1-score': 0.6165917449938702, 'support': 3772}, 'accuracy': 0.445704832801607, 'macro avg': {'precision': 0.2228524164008035, 'recall': 0.5, 'f1-score': 0.3082958724969351, 'support': 8463}, 'weighted avg': {'precision': 0.19865279798270843, 'recall': 0.445704832801607, 'f1-score': 0.274817920609344, 'support': 8463}};{'0': {'precision': 0.0, 'recall': 0.0, 'f1-score': 0.0, 'support': 4716}, '1': {'precision': 0.44360547428032093, 'recall': 1.0, 'f1-score': 0.6145799280810722, 'support': 3760}, 'accuracy': 0.44360547428032093, 'macro avg': {'precision': 0.22180273714016047, 'recall': 0.5, 'f1-score': 0.3072899640405361, 'support': 8476}, 'weighted avg': {'precision': 0.19678581681146848, 'recall': 0.44360547428032093, 'f1-score': 0.27263102047956955, 'support': 8476}};{'0': {'precision': 0.0, 'recall': 0.0, 'f1-score': 0.0, 'support': 4755}, '1': {'precision': 0.44216330361332706, 'recall': 1.0, 'f1-score': 0.6131945009354918, 'support': 3769}, 'accuracy': 0.44216330361332706, 'macro avg': {'precision': 0.22108165180666353, 'recall': 0.5, 'f1-score': 0.3065972504677459, 'support': 8524}, 'weighted avg': {'precision': 0.19550838706225127, 'recall': 0.44216330361332706, 'f1-score': 0.2711321062911624, 'support': 8524}}
[32]_0.0001_0.4_20_['tanh'];{'0': {'precision': 0.5585394581861013, 'recall': 0.9989467031809564, 'f1-score': 0.7164765430233436, 'support': 4747}, '1': {'precision': 0.8148148148148148, 'recall': 0.005835543766578249, 'f1-score': 0.011588095865156703, 'support': 3770}, 'accuracy': 0.5593518844663614, 'macro avg': {'precision': 0.686677136500458, 'recall': 0.5023911234737674, 'f1-score': 0.3640323194442502, 'support': 8517}, 'weighted avg': {'precision': 0.6719782388001967, 'recall': 0.5593518844663614, 'f1-score': 0.40446181415327614, 'support': 8517}};{'0': {'precision': 0.5570232338719189, 'recall': 0.9995767195767196, 'f1-score': 0.7153892759769765, 'support': 4725}, '1': {'precision': 0.8, 'recall': 0.0021253985122210413, 'f1-score': 0.004239533651298357, 'support': 3764}, 'accuracy': 0.557309459300271, 'macro avg': {'precision': 0.6785116169359595, 'recall': 0.5008510590444702, 'f1-score': 0.35981440481413746, 'support': 8489}, 'weighted avg': {'precision': 0.664758485103642, 'recall': 0.557309459300271, 'f1-score': 0.4000673735015551, 'support': 8489}};{'0': {'precision': 0.5553713135141537, 'recall': 0.9995736516734172, 'f1-score': 0.7140246687985381, 'support': 4691}, '1': {'precision': 0.9, 'recall': 0.004772004241781549, 'f1-score': 0.00949367088607595, 'support': 3772}, 'accuracy': 0.5561857497341368, 'macro avg': {'precision': 0.7276856567570769, 'recall': 0.5021728279575993, 'f1-score': 0.36175916984230705, 'support': 8463}, 'weighted avg': {'precision': 0.7089739846029653, 'recall': 0.5561857497341368, 'f1-score': 0.4000117981704148, 'support': 8463}};{'0': {'precision': 0.5570128795935247, 'recall': 0.9995759117896522, 'f1-score': 0.7153805296304728, 'support': 4716}, '1': {'precision': 0.8461538461538461, 'recall': 0.002925531914893617, 'f1-score': 0.0058309037900874635, 'support': 3760}, 'accuracy': 0.5574563473336479, 'macro avg': {'precision': 0.7015833628736854, 'recall': 0.5012507218522729, 'f1-score': 0.36060571671028013, 'support': 8476}, 'weighted avg': {'precision': 0.6852773951983865, 'recall': 0.5574563473336479, 'f1-score': 0.4006204313341244, 'support': 8476}};{'0': {'precision': 0.5578366963866729, 'recall': 1.0, 'f1-score': 0.7161683861736576, 'support': 4755}, '1': {'precision': 0.0, 'recall': 0.0, 'f1-score': 0.0, 'support': 3769}, 'accuracy': 0.5578366963866729, 'macro avg': {'precision': 0.27891834819333644, 'recall': 0.5, 'f1-score': 0.3580841930868288, 'support': 8524}, 'weighted avg': {'precision': 0.3111817798355971, 'recall': 0.5578366963866729, 'f1-score': 0.3995050065996882, 'support': 8524}}
[32]_0.0001_0.4_20_['sigmoid'];{'0': {'precision': 0.0, 'recall': 0.0, 'f1-score': 0.0, 'support': 4747}, '1': {'precision': 0.4426441235176705, 'recall': 1.0, 'f1-score': 0.6136567103442663, 'support': 3770}, 'accuracy': 0.4426441235176705, 'macro avg': {'precision': 0.22132206175883526, 'recall': 0.5, 'f1-score': 0.30682835517213314, 'support': 8517}, 'weighted avg': {'precision': 0.19593382008472676, 'recall': 0.4426441235176705, 'f1-score': 0.27163153669107476, 'support': 8517}};{'0': {'precision': 0.0, 'recall': 0.0, 'f1-score': 0.0, 'support': 4725}, '1': {'precision': 0.4433973377311815, 'recall': 1.0, 'f1-score': 0.6143801517995593, 'support': 3764}, 'accuracy': 0.4433973377311815, 'macro avg': {'precision': 0.22169866886559075, 'recall': 0.5, 'f1-score': 0.30719007589977965, 'support': 8489}, 'weighted avg': {'precision': 0.19660119910709944, 'recall': 0.4433973377311815, 'f1-score': 0.2724145236628038, 'support': 8489}};{'0': {'precision': 0.0, 'recall': 0.0, 'f1-score': 0.0, 'support': 4691}, '1': {'precision': 0.445704832801607, 'recall': 1.0, 'f1-score': 0.6165917449938702, 'support': 3772}, 'accuracy': 0.445704832801607, 'macro avg': {'precision': 0.2228524164008035, 'recall': 0.5, 'f1-score': 0.3082958724969351, 'support': 8463}, 'weighted avg': {'precision': 0.19865279798270843, 'recall': 0.445704832801607, 'f1-score': 0.274817920609344, 'support': 8463}};{'0': {'precision': 0.0, 'recall': 0.0, 'f1-score': 0.0, 'support': 4716}, '1': {'precision': 0.44360547428032093, 'recall': 1.0, 'f1-score': 0.6145799280810722, 'support': 3760}, 'accuracy': 0.44360547428032093, 'macro avg': {'precision': 0.22180273714016047, 'recall': 0.5, 'f1-score': 0.3072899640405361, 'support': 8476}, 'weighted avg': {'precision': 0.19678581681146848, 'recall': 0.44360547428032093, 'f1-score': 0.27263102047956955, 'support': 8476}};{'0': {'precision': 0.0, 'recall': 0.0, 'f1-score': 0.0, 'support': 4755}, '1': {'precision': 0.44216330361332706, 'recall': 1.0, 'f1-score': 0.6131945009354918, 'support': 3769}, 'accuracy': 0.44216330361332706, 'macro avg': {'precision': 0.22108165180666353, 'recall': 0.5, 'f1-score': 0.3065972504677459, 'support': 8524}, 'weighted avg': {'precision': 0.19550838706225127, 'recall': 0.44216330361332706, 'f1-score': 0.2711321062911624, 'support': 8524}}
[32]_0.0001_0.4_50_['tanh'];{'0': {'precision': 0.5585394581861013, 'recall': 0.9989467031809564, 'f1-score': 0.7164765430233436, 'support': 4747}, '1': {'precision': 0.8148148148148148, 'recall': 0.005835543766578249, 'f1-score': 0.011588095865156703, 'support': 3770}, 'accuracy': 0.5593518844663614, 'macro avg': {'precision': 0.686677136500458, 'recall': 0.5023911234737674, 'f1-score': 0.3640323194442502, 'support': 8517}, 'weighted avg': {'precision': 0.6719782388001967, 'recall': 0.5593518844663614, 'f1-score': 0.40446181415327614, 'support': 8517}};{'0': {'precision': 0.5570232338719189, 'recall': 0.9995767195767196, 'f1-score': 0.7153892759769765, 'support': 4725}, '1': {'precision': 0.8, 'recall': 0.0021253985122210413, 'f1-score': 0.004239533651298357, 'support': 3764}, 'accuracy': 0.557309459300271, 'macro avg': {'precision': 0.6785116169359595, 'recall': 0.5008510590444702, 'f1-score': 0.35981440481413746, 'support': 8489}, 'weighted avg': {'precision': 0.664758485103642, 'recall': 0.557309459300271, 'f1-score': 0.4000673735015551, 'support': 8489}};{'0': {'precision': 0.5553713135141537, 'recall': 0.9995736516734172, 'f1-score': 0.7140246687985381, 'support': 4691}, '1': {'precision': 0.9, 'recall': 0.004772004241781549, 'f1-score': 0.00949367088607595, 'support': 3772}, 'accuracy': 0.5561857497341368, 'macro avg': {'precision': 0.7276856567570769, 'recall': 0.5021728279575993, 'f1-score': 0.36175916984230705, 'support': 8463}, 'weighted avg': {'precision': 0.7089739846029653, 'recall': 0.5561857497341368, 'f1-score': 0.4000117981704148, 'support': 8463}};{'0': {'precision': 0.5570128795935247, 'recall': 0.9995759117896522, 'f1-score': 0.7153805296304728, 'support': 4716}, '1': {'precision': 0.8461538461538461, 'recall': 0.002925531914893617, 'f1-score': 0.0058309037900874635, 'support': 3760}, 'accuracy': 0.5574563473336479, 'macro avg': {'precision': 0.7015833628736854, 'recall': 0.5012507218522729, 'f1-score': 0.36060571671028013, 'support': 8476}, 'weighted avg': {'precision': 0.6852773951983865, 'recall': 0.5574563473336479, 'f1-score': 0.4006204313341244, 'support': 8476}};{'0': {'precision': 0.5578366963866729, 'recall': 1.0, 'f1-score': 0.7161683861736576, 'support': 4755}, '1': {'precision': 0.0, 'recall': 0.0, 'f1-score': 0.0, 'support': 3769}, 'accuracy': 0.5578366963866729, 'macro avg': {'precision': 0.27891834819333644, 'recall': 0.5, 'f1-score': 0.3580841930868288, 'support': 8524}, 'weighted avg': {'precision': 0.3111817798355971, 'recall': 0.5578366963866729, 'f1-score': 0.3995050065996882, 'support': 8524}}
[32]_0.0001_0.4_50_['sigmoid'];{'0': {'precision': 0.0, 'recall': 0.0, 'f1-score': 0.0, 'support': 4747}, '1': {'precision': 0.4426441235176705, 'recall': 1.0, 'f1-score': 0.6136567103442663, 'support': 3770}, 'accuracy': 0.4426441235176705, 'macro avg': {'precision': 0.22132206175883526, 'recall': 0.5, 'f1-score': 0.30682835517213314, 'support': 8517}, 'weighted avg': {'precision': 0.19593382008472676, 'recall': 0.4426441235176705, 'f1-score': 0.27163153669107476, 'support': 8517}};{'0': {'precision': 0.0, 'recall': 0.0, 'f1-score': 0.0, 'support': 4725}, '1': {'precision': 0.4433973377311815, 'recall': 1.0, 'f1-score': 0.6143801517995593, 'support': 3764}, 'accuracy': 0.4433973377311815, 'macro avg': {'precision': 0.22169866886559075, 'recall': 0.5, 'f1-score': 0.30719007589977965, 'support': 8489}, 'weighted avg': {'precision': 0.19660119910709944, 'recall': 0.4433973377311815, 'f1-score': 0.2724145236628038, 'support': 8489}};{'0': {'precision': 0.0, 'recall': 0.0, 'f1-score': 0.0, 'support': 4691}, '1': {'precision': 0.445704832801607, 'recall': 1.0, 'f1-score': 0.6165917449938702, 'support': 3772}, 'accuracy': 0.445704832801607, 'macro avg': {'precision': 0.2228524164008035, 'recall': 0.5, 'f1-score': 0.3082958724969351, 'support': 8463}, 'weighted avg': {'precision': 0.19865279798270843, 'recall': 0.445704832801607, 'f1-score': 0.274817920609344, 'support': 8463}};{'0': {'precision': 0.0, 'recall': 0.0, 'f1-score': 0.0, 'support': 4716}, '1': {'precision': 0.44360547428032093, 'recall': 1.0, 'f1-score': 0.6145799280810722, 'support': 3760}, 'accuracy': 0.44360547428032093, 'macro avg': {'precision': 0.22180273714016047, 'recall': 0.5, 'f1-score': 0.3072899640405361, 'support': 8476}, 'weighted avg': {'precision': 0.19678581681146848, 'recall': 0.44360547428032093, 'f1-score': 0.27263102047956955, 'support': 8476}};{'0': {'precision': 0.0, 'recall': 0.0, 'f1-score': 0.0, 'support': 4755}, '1': {'precision': 0.44216330361332706, 'recall': 1.0, 'f1-score': 0.6131945009354918, 'support': 3769}, 'accuracy': 0.44216330361332706, 'macro avg': {'precision': 0.22108165180666353, 'recall': 0.5, 'f1-score': 0.3065972504677459, 'support': 8524}, 'weighted avg': {'precision': 0.19550838706225127, 'recall': 0.44216330361332706, 'f1-score': 0.2711321062911624, 'support': 8524}}
[64, 32]_0.001_0.3_20_['tanh', 'tanh'];{'0': {'precision': 0.7985948477751756, 'recall': 0.5028439014114178, 'f1-score': 0.6171147880041367, 'support': 4747}, '1': {'precision': 0.573082489146165, 'recall': 0.8403183023872679, 'f1-score': 0.6814368681436869, 'support': 3770}, 'accuracy': 0.6522249618410239, 'macro avg': {'precision': 0.6858386684606703, 'recall': 0.6715811018993428, 'f1-score': 0.6492758280739117, 'support': 8517}, 'weighted avg': {'precision': 0.6987731274474346, 'recall': 0.6522249618410239, 'f1-score': 0.6455865787903412, 'support': 8517}};{'0': {'precision': 0.8340385519511049, 'recall': 0.3754497354497354, 'f1-score': 0.5178050204319906, 'support': 4725}, '1': {'precision': 0.5361521534108771, 'recall': 0.9062167906482466, 'f1-score': 0.6737112383962078, 'support': 3764}, 'accuracy': 0.6107904346801744, 'macro avg': {'precision': 0.685095352680991, 'recall': 0.640833263048991, 'f1-score': 0.5957581294140992, 'support': 8489}, 'weighted avg': {'precision': 0.7019565158920381, 'recall': 0.6107904346801744, 'f1-score': 0.5869334224130618, 'support': 8489}};{'0': {'precision': 0.8013743455497382, 'recall': 0.5220635259006609, 'f1-score': 0.6322447398993158, 'support': 4691}, '1': {'precision': 0.5853523210652858, 'recall': 0.8390774125132555, 'f1-score': 0.6896176054036387, 'support': 3772}, 'accuracy': 0.663358147229115, 'macro avg': {'precision': 0.693363333307512, 'recall': 0.6805704692069582, 'f1-score': 0.6609311726514773, 'support': 8463}, 'weighted avg': {'precision': 0.7050922852454307, 'recall': 0.663358147229115, 'f1-score': 0.6578161033262692, 'support': 8463}};{'0': {'precision': 0.8313253012048193, 'recall': 0.4681933842239186, 'f1-score': 0.599023331524688, 'support': 4716}, '1': {'precision': 0.5690721649484536, 'recall': 0.8808510638297873, 'f1-score': 0.6914405010438414, 'support': 3760}, 'accuracy': 0.6512505899008967, 'macro avg': {'precision': 0.7001987330766364, 'recall': 0.6745222240268529, 'f1-score': 0.6452319162842647, 'support': 8476}, 'weighted avg': {'precision': 0.7149883743143126, 'recall': 0.6512505899008967, 'f1-score': 0.6400200938408769, 'support': 8476}};{'0': {'precision': 0.8303332056683264, 'recall': 0.45594111461619347, 'f1-score': 0.5886505566114579, 'support': 4755}, '1': {'precision': 0.5624894300693387, 'recall': 0.8824621915627487, 'f1-score': 0.6870481305515389, 'support': 3769}, 'accuracy': 0.6445330830595964, 'macro avg': {'precision': 0.6964113178688325, 'recall': 0.6692016530894711, 'f1-score': 0.6378493435814985, 'support': 8524}, 'weighted avg': {'precision': 0.7119025169972113, 'recall': 0.6445330830595964, 'f1-score': 0.6321583529723407, 'support': 8524}}
[64, 32]_0.001_0.3_20_['sigmoid', 'sigmoid'];{'0': {'precision': 0.0, 'recall': 0.0, 'f1-score': 0.0, 'support': 4747}, '1': {'precision': 0.4426441235176705, 'recall': 1.0, 'f1-score': 0.6136567103442663, 'support': 3770}, 'accuracy': 0.4426441235176705, 'macro avg': {'precision': 0.22132206175883526, 'recall': 0.5, 'f1-score': 0.30682835517213314, 'support': 8517}, 'weighted avg': {'precision': 0.19593382008472676, 'recall': 0.4426441235176705, 'f1-score': 0.27163153669107476, 'support': 8517}};{'0': {'precision': 0.0, 'recall': 0.0, 'f1-score': 0.0, 'support': 4725}, '1': {'precision': 0.4433973377311815, 'recall': 1.0, 'f1-score': 0.6143801517995593, 'support': 3764}, 'accuracy': 0.4433973377311815, 'macro avg': {'precision': 0.22169866886559075, 'recall': 0.5, 'f1-score': 0.30719007589977965, 'support': 8489}, 'weighted avg': {'precision': 0.19660119910709944, 'recall': 0.4433973377311815, 'f1-score': 0.2724145236628038, 'support': 8489}};{'0': {'precision': 0.0, 'recall': 0.0, 'f1-score': 0.0, 'support': 4691}, '1': {'precision': 0.445704832801607, 'recall': 1.0, 'f1-score': 0.6165917449938702, 'support': 3772}, 'accuracy': 0.445704832801607, 'macro avg': {'precision': 0.2228524164008035, 'recall': 0.5, 'f1-score': 0.3082958724969351, 'support': 8463}, 'weighted avg': {'precision': 0.19865279798270843, 'recall': 0.445704832801607, 'f1-score': 0.274817920609344, 'support': 8463}};{'0': {'precision': 0.0, 'recall': 0.0, 'f1-score': 0.0, 'support': 4716}, '1': {'precision': 0.44360547428032093, 'recall': 1.0, 'f1-score': 0.6145799280810722, 'support': 3760}, 'accuracy': 0.44360547428032093, 'macro avg': {'precision': 0.22180273714016047, 'recall': 0.5, 'f1-score': 0.3072899640405361, 'support': 8476}, 'weighted avg': {'precision': 0.19678581681146848, 'recall': 0.44360547428032093, 'f1-score': 0.27263102047956955, 'support': 8476}};{'0': {'precision': 0.0, 'recall': 0.0, 'f1-score': 0.0, 'support': 4755}, '1': {'precision': 0.44216330361332706, 'recall': 1.0, 'f1-score': 0.6131945009354918, 'support': 3769}, 'accuracy': 0.44216330361332706, 'macro avg': {'precision': 0.22108165180666353, 'recall': 0.5, 'f1-score': 0.3065972504677459, 'support': 8524}, 'weighted avg': {'precision': 0.19550838706225127, 'recall': 0.44216330361332706, 'f1-score': 0.2711321062911624, 'support': 8524}}
[64, 32]_0.001_0.3_50_['tanh', 'tanh'];{'0': {'precision': 0.7985948477751756, 'recall': 0.5028439014114178, 'f1-score': 0.6171147880041367, 'support': 4747}, '1': {'precision': 0.573082489146165, 'recall': 0.8403183023872679, 'f1-score': 0.6814368681436869, 'support': 3770}, 'accuracy': 0.6522249618410239, 'macro avg': {'precision': 0.6858386684606703, 'recall': 0.6715811018993428, 'f1-score': 0.6492758280739117, 'support': 8517}, 'weighted avg': {'precision': 0.6987731274474346, 'recall': 0.6522249618410239, 'f1-score': 0.6455865787903412, 'support': 8517}};{'0': {'precision': 0.8340385519511049, 'recall': 0.3754497354497354, 'f1-score': 0.5178050204319906, 'support': 4725}, '1': {'precision': 0.5361521534108771, 'recall': 0.9062167906482466, 'f1-score': 0.6737112383962078, 'support': 3764}, 'accuracy': 0.6107904346801744, 'macro avg': {'precision': 0.685095352680991, 'recall': 0.640833263048991, 'f1-score': 0.5957581294140992, 'support': 8489}, 'weighted avg': {'precision': 0.7019565158920381, 'recall': 0.6107904346801744, 'f1-score': 0.5869334224130618, 'support': 8489}};{'0': {'precision': 0.8013743455497382, 'recall': 0.5220635259006609, 'f1-score': 0.6322447398993158, 'support': 4691}, '1': {'precision': 0.5853523210652858, 'recall': 0.8390774125132555, 'f1-score': 0.6896176054036387, 'support': 3772}, 'accuracy': 0.663358147229115, 'macro avg': {'precision': 0.693363333307512, 'recall': 0.6805704692069582, 'f1-score': 0.6609311726514773, 'support': 8463}, 'weighted avg': {'precision': 0.7050922852454307, 'recall': 0.663358147229115, 'f1-score': 0.6578161033262692, 'support': 8463}};{'0': {'precision': 0.8313253012048193, 'recall': 0.4681933842239186, 'f1-score': 0.599023331524688, 'support': 4716}, '1': {'precision': 0.5690721649484536, 'recall': 0.8808510638297873, 'f1-score': 0.6914405010438414, 'support': 3760}, 'accuracy': 0.6512505899008967, 'macro avg': {'precision': 0.7001987330766364, 'recall': 0.6745222240268529, 'f1-score': 0.6452319162842647, 'support': 8476}, 'weighted avg': {'precision': 0.7149883743143126, 'recall': 0.6512505899008967, 'f1-score': 0.6400200938408769, 'support': 8476}};{'0': {'precision': 0.8303332056683264, 'recall': 0.45594111461619347, 'f1-score': 0.5886505566114579, 'support': 4755}, '1': {'precision': 0.5624894300693387, 'recall': 0.8824621915627487, 'f1-score': 0.6870481305515389, 'support': 3769}, 'accuracy': 0.6445330830595964, 'macro avg': {'precision': 0.6964113178688325, 'recall': 0.6692016530894711, 'f1-score': 0.6378493435814985, 'support': 8524}, 'weighted avg': {'precision': 0.7119025169972113, 'recall': 0.6445330830595964, 'f1-score': 0.6321583529723407, 'support': 8524}}
[64, 32]_0.001_0.3_50_['sigmoid', 'sigmoid'];{'0': {'precision': 0.0, 'recall': 0.0, 'f1-score': 0.0, 'support': 4747}, '1': {'precision': 0.4426441235176705, 'recall': 1.0, 'f1-score': 0.6136567103442663, 'support': 3770}, 'accuracy': 0.4426441235176705, 'macro avg': {'precision': 0.22132206175883526, 'recall': 0.5, 'f1-score': 0.30682835517213314, 'support': 8517}, 'weighted avg': {'precision': 0.19593382008472676, 'recall': 0.4426441235176705, 'f1-score': 0.27163153669107476, 'support': 8517}};{'0': {'precision': 0.0, 'recall': 0.0, 'f1-score': 0.0, 'support': 4725}, '1': {'precision': 0.4433973377311815, 'recall': 1.0, 'f1-score': 0.6143801517995593, 'support': 3764}, 'accuracy': 0.4433973377311815, 'macro avg': {'precision': 0.22169866886559075, 'recall': 0.5, 'f1-score': 0.30719007589977965, 'support': 8489}, 'weighted avg': {'precision': 0.19660119910709944, 'recall': 0.4433973377311815, 'f1-score': 0.2724145236628038, 'support': 8489}};{'0': {'precision': 0.0, 'recall': 0.0, 'f1-score': 0.0, 'support': 4691}, '1': {'precision': 0.445704832801607, 'recall': 1.0, 'f1-score': 0.6165917449938702, 'support': 3772}, 'accuracy': 0.445704832801607, 'macro avg': {'precision': 0.2228524164008035, 'recall': 0.5, 'f1-score': 0.3082958724969351, 'support': 8463}, 'weighted avg': {'precision': 0.19865279798270843, 'recall': 0.445704832801607, 'f1-score': 0.274817920609344, 'support': 8463}};{'0': {'precision': 0.0, 'recall': 0.0, 'f1-score': 0.0, 'support': 4716}, '1': {'precision': 0.44360547428032093, 'recall': 1.0, 'f1-score': 0.6145799280810722, 'support': 3760}, 'accuracy': 0.44360547428032093, 'macro avg': {'precision': 0.22180273714016047, 'recall': 0.5, 'f1-score': 0.3072899640405361, 'support': 8476}, 'weighted avg': {'precision': 0.19678581681146848, 'recall': 0.44360547428032093, 'f1-score': 0.27263102047956955, 'support': 8476}};{'0': {'precision': 0.0, 'recall': 0.0, 'f1-score': 0.0, 'support': 4755}, '1': {'precision': 0.44216330361332706, 'recall': 1.0, 'f1-score': 0.6131945009354918, 'support': 3769}, 'accuracy': 0.44216330361332706, 'macro avg': {'precision': 0.22108165180666353, 'recall': 0.5, 'f1-score': 0.3065972504677459, 'support': 8524}, 'weighted avg': {'precision': 0.19550838706225127, 'recall': 0.44216330361332706, 'f1-score': 0.2711321062911624, 'support': 8524}}
[64, 32]_0.001_0.4_20_['tanh', 'tanh'];{'0': {'precision': 0.7839033018867925, 'recall': 0.5601432483673899, 'f1-score': 0.6533972232460991, 'support': 4747}, '1': {'precision': 0.5925853658536585, 'recall': 0.8055702917771883, 'f1-score': 0.6828555368184374, 'support': 3770}, 'accuracy': 0.6687800868850534, 'macro avg': {'precision': 0.6882443338702255, 'recall': 0.6828567700722892, 'f1-score': 0.6681263800322682, 'support': 8517}, 'weighted avg': {'precision': 0.6992175417781962, 'recall': 0.6687800868850534, 'f1-score': 0.6664367726376355, 'support': 8517}};{'0': {'precision': 0.8036876355748374, 'recall': 0.4704761904761905, 'f1-score': 0.5935122146575892, 'support': 4725}, '1': {'precision': 0.5628167045255985, 'recall': 0.8557385759829969, 'f1-score': 0.679034468219669, 'support': 3764}, 'accuracy': 0.6413005065378725, 'macro avg': {'precision': 0.6832521700502179, 'recall': 0.6631073832295937, 'f1-score': 0.636273341438629, 'support': 8489}, 'weighted avg': {'precision': 0.6968861060107738, 'recall': 0.6413005065378725, 'f1-score': 0.6314325542037864, 'support': 8489}};{'0': {'precision': 0.8058783321941216, 'recall': 0.5026646770411426, 'f1-score': 0.6191413942497045, 'support': 4691}, '1': {'precision': 0.5786527000180604, 'recall': 0.8494167550371156, 'f1-score': 0.6883660973251692, 'support': 3772}, 'accuracy': 0.6572137539879476, 'macro avg': {'precision': 0.692265516106091, 'recall': 0.6760407160391291, 'f1-score': 0.6537537457874368, 'support': 8463}, 'weighted avg': {'precision': 0.7046027697968508, 'recall': 0.6572137539879476, 'f1-score': 0.6499951789596954, 'support': 8463}};{'0': {'precision': 0.8433260393873085, 'recall': 0.40860899067005935, 'f1-score': 0.5504927867447507, 'support': 4716}, '1': {'precision': 0.5495073493781295, 'recall': 0.9047872340425532, 'f1-score': 0.683750376846548, 'support': 3760}, 'accuracy': 0.6287163756488909, 'macro avg': {'precision': 0.696416694382719, 'recall': 0.6566981123563063, 'f1-score': 0.6171215817956494, 'support': 8476}, 'weighted avg': {'precision': 0.7129864600533642, 'recall': 0.6287163756488909, 'f1-score': 0.6096065832033111, 'support': 8476}};{'0': {'precision': 0.8322295805739515, 'recall': 0.4757097791798107, 'f1-score': 0.6053793657165797, 'support': 4755}, '1': {'precision': 0.5706166035136067, 'recall': 0.8790130007959671, 'f1-score': 0.6920104438642297, 'support': 3769}, 'accuracy': 0.6540356640075082, 'macro avg': {'precision': 0.7014230920437791, 'recall': 0.677361389987889, 'f1-score': 0.6486949047904047, 'support': 8524}, 'weighted avg': {'precision': 0.7165539223688319, 'recall': 0.6540356640075082, 'f1-score': 0.643684449425929, 'support': 8524}}
[64, 32]_0.001_0.4_20_['sigmoid', 'sigmoid'];{'0': {'precision': 0.0, 'recall': 0.0, 'f1-score': 0.0, 'support': 4747}, '1': {'precision': 0.4426441235176705, 'recall': 1.0, 'f1-score': 0.6136567103442663, 'support': 3770}, 'accuracy': 0.4426441235176705, 'macro avg': {'precision': 0.22132206175883526, 'recall': 0.5, 'f1-score': 0.30682835517213314, 'support': 8517}, 'weighted avg': {'precision': 0.19593382008472676, 'recall': 0.4426441235176705, 'f1-score': 0.27163153669107476, 'support': 8517}};{'0': {'precision': 0.0, 'recall': 0.0, 'f1-score': 0.0, 'support': 4725}, '1': {'precision': 0.4433973377311815, 'recall': 1.0, 'f1-score': 0.6143801517995593, 'support': 3764}, 'accuracy': 0.4433973377311815, 'macro avg': {'precision': 0.22169866886559075, 'recall': 0.5, 'f1-score': 0.30719007589977965, 'support': 8489}, 'weighted avg': {'precision': 0.19660119910709944, 'recall': 0.4433973377311815, 'f1-score': 0.2724145236628038, 'support': 8489}};{'0': {'precision': 0.0, 'recall': 0.0, 'f1-score': 0.0, 'support': 4691}, '1': {'precision': 0.445704832801607, 'recall': 1.0, 'f1-score': 0.6165917449938702, 'support': 3772}, 'accuracy': 0.445704832801607, 'macro avg': {'precision': 0.2228524164008035, 'recall': 0.5, 'f1-score': 0.3082958724969351, 'support': 8463}, 'weighted avg': {'precision': 0.19865279798270843, 'recall': 0.445704832801607, 'f1-score': 0.274817920609344, 'support': 8463}};{'0': {'precision': 0.0, 'recall': 0.0, 'f1-score': 0.0, 'support': 4716}, '1': {'precision': 0.44360547428032093, 'recall': 1.0, 'f1-score': 0.6145799280810722, 'support': 3760}, 'accuracy': 0.44360547428032093, 'macro avg': {'precision': 0.22180273714016047, 'recall': 0.5, 'f1-score': 0.3072899640405361, 'support': 8476}, 'weighted avg': {'precision': 0.19678581681146848, 'recall': 0.44360547428032093, 'f1-score': 0.27263102047956955, 'support': 8476}};{'0': {'precision': 0.0, 'recall': 0.0, 'f1-score': 0.0, 'support': 4755}, '1': {'precision': 0.44216330361332706, 'recall': 1.0, 'f1-score': 0.6131945009354918, 'support': 3769}, 'accuracy': 0.44216330361332706, 'macro avg': {'precision': 0.22108165180666353, 'recall': 0.5, 'f1-score': 0.3065972504677459, 'support': 8524}, 'weighted avg': {'precision': 0.19550838706225127, 'recall': 0.44216330361332706, 'f1-score': 0.2711321062911624, 'support': 8524}}
[64, 32]_0.001_0.4_50_['tanh', 'tanh'];{'0': {'precision': 0.8311453146220009, 'recall': 0.3867705919528123, 'f1-score': 0.5278895917193789, 'support': 4747}, '1': {'precision': 0.5385225110970197, 'recall': 0.9010610079575597, 'f1-score': 0.6741416947807105, 'support': 3770}, 'accuracy': 0.6144182223787719, 'macro avg': {'precision': 0.6848339128595102, 'recall': 0.643915799955186, 'f1-score': 0.6010156432500446, 'support': 8517}, 'weighted avg': {'precision': 0.7016175502344021, 'recall': 0.6144182223787719, 'f1-score': 0.592627225691578, 'support': 8517}};{'0': {'precision': 0.8060739114526162, 'recall': 0.46624338624338624, 'f1-score': 0.5907750067042102, 'support': 4725}, '1': {'precision': 0.5618485059068797, 'recall': 0.859192348565356, 'f1-score': 0.6794117647058824, 'support': 3764}, 'accuracy': 0.640475910001178, 'macro avg': {'precision': 0.683961208679748, 'recall': 0.6627178674043711, 'f1-score': 0.6350933857050463, 'support': 8489}, 'weighted avg': {'precision': 0.6977850168273185, 'recall': 0.640475910001178, 'f1-score': 0.6300763092272746, 'support': 8489}};{'0': {'precision': 0.8058783321941216, 'recall': 0.5026646770411426, 'f1-score': 0.6191413942497045, 'support': 4691}, '1': {'precision': 0.5786527000180604, 'recall': 0.8494167550371156, 'f1-score': 0.6883660973251692, 'support': 3772}, 'accuracy': 0.6572137539879476, 'macro avg': {'precision': 0.692265516106091, 'recall': 0.6760407160391291, 'f1-score': 0.6537537457874368, 'support': 8463}, 'weighted avg': {'precision': 0.7046027697968508, 'recall': 0.6572137539879476, 'f1-score': 0.6499951789596954, 'support': 8463}};{'0': {'precision': 0.8433260393873085, 'recall': 0.40860899067005935, 'f1-score': 0.5504927867447507, 'support': 4716}, '1': {'precision': 0.5495073493781295, 'recall': 0.9047872340425532, 'f1-score': 0.683750376846548, 'support': 3760}, 'accuracy': 0.6287163756488909, 'macro avg': {'precision': 0.696416694382719, 'recall': 0.6566981123563063, 'f1-score': 0.6171215817956494, 'support': 8476}, 'weighted avg': {'precision': 0.7129864600533642, 'recall': 0.6287163756488909, 'f1-score': 0.6096065832033111, 'support': 8476}};{'0': {'precision': 0.8322295805739515, 'recall': 0.4757097791798107, 'f1-score': 0.6053793657165797, 'support': 4755}, '1': {'precision': 0.5706166035136067, 'recall': 0.8790130007959671, 'f1-score': 0.6920104438642297, 'support': 3769}, 'accuracy': 0.6540356640075082, 'macro avg': {'precision': 0.7014230920437791, 'recall': 0.677361389987889, 'f1-score': 0.6486949047904047, 'support': 8524}, 'weighted avg': {'precision': 0.7165539223688319, 'recall': 0.6540356640075082, 'f1-score': 0.643684449425929, 'support': 8524}}
[64, 32]_0.001_0.4_50_['sigmoid', 'sigmoid'];{'0': {'precision': 0.0, 'recall': 0.0, 'f1-score': 0.0, 'support': 4747}, '1': {'precision': 0.4426441235176705, 'recall': 1.0, 'f1-score': 0.6136567103442663, 'support': 3770}, 'accuracy': 0.4426441235176705, 'macro avg': {'precision': 0.22132206175883526, 'recall': 0.5, 'f1-score': 0.30682835517213314, 'support': 8517}, 'weighted avg': {'precision': 0.19593382008472676, 'recall': 0.4426441235176705, 'f1-score': 0.27163153669107476, 'support': 8517}};{'0': {'precision': 0.0, 'recall': 0.0, 'f1-score': 0.0, 'support': 4725}, '1': {'precision': 0.4433973377311815, 'recall': 1.0, 'f1-score': 0.6143801517995593, 'support': 3764}, 'accuracy': 0.4433973377311815, 'macro avg': {'precision': 0.22169866886559075, 'recall': 0.5, 'f1-score': 0.30719007589977965, 'support': 8489}, 'weighted avg': {'precision': 0.19660119910709944, 'recall': 0.4433973377311815, 'f1-score': 0.2724145236628038, 'support': 8489}};{'0': {'precision': 0.0, 'recall': 0.0, 'f1-score': 0.0, 'support': 4691}, '1': {'precision': 0.445704832801607, 'recall': 1.0, 'f1-score': 0.6165917449938702, 'support': 3772}, 'accuracy': 0.445704832801607, 'macro avg': {'precision': 0.2228524164008035, 'recall': 0.5, 'f1-score': 0.3082958724969351, 'support': 8463}, 'weighted avg': {'precision': 0.19865279798270843, 'recall': 0.445704832801607, 'f1-score': 0.274817920609344, 'support': 8463}};{'0': {'precision': 0.0, 'recall': 0.0, 'f1-score': 0.0, 'support': 4716}, '1': {'precision': 0.44360547428032093, 'recall': 1.0, 'f1-score': 0.6145799280810722, 'support': 3760}, 'accuracy': 0.44360547428032093, 'macro avg': {'precision': 0.22180273714016047, 'recall': 0.5, 'f1-score': 0.3072899640405361, 'support': 8476}, 'weighted avg': {'precision': 0.19678581681146848, 'recall': 0.44360547428032093, 'f1-score': 0.27263102047956955, 'support': 8476}};{'0': {'precision': 0.0, 'recall': 0.0, 'f1-score': 0.0, 'support': 4755}, '1': {'precision': 0.44216330361332706, 'recall': 1.0, 'f1-score': 0.6131945009354918, 'support': 3769}, 'accuracy': 0.44216330361332706, 'macro avg': {'precision': 0.22108165180666353, 'recall': 0.5, 'f1-score': 0.3065972504677459, 'support': 8524}, 'weighted avg': {'precision': 0.19550838706225127, 'recall': 0.44216330361332706, 'f1-score': 0.2711321062911624, 'support': 8524}}
[64, 32]_0.0001_0.3_20_['tanh', 'tanh'];{'0': {'precision': 0.5665143132066394, 'recall': 0.9922056035390773, 'f1-score': 0.7212311461603246, 'support': 4747}, '1': {'precision': 0.8177339901477833, 'recall': 0.04403183023872679, 'f1-score': 0.0835640573873647, 'support': 3770}, 'accuracy': 0.5725020547141012, 'macro avg': {'precision': 0.6921241516772113, 'recall': 0.518118716888902, 'f1-score': 0.40239760177384465, 'support': 8517}, 'weighted avg': {'precision': 0.6777152269166443, 'recall': 0.5725020547141012, 'f1-score': 0.4389715565543531, 'support': 8517}};{'0': {'precision': 0.6289820714179879, 'recall': 0.8984126984126984, 'f1-score': 0.7399337632909186, 'support': 4725}, '1': {'precision': 0.7241379310344828, 'recall': 0.33475026567481403, 'f1-score': 0.4578488372093023, 'support': 3764}, 'accuracy': 0.6484862763576393, 'macro avg': {'precision': 0.6765600012262354, 'recall': 0.6165814820437563, 'f1-score': 0.5988913002501105, 'support': 8489}, 'weighted avg': {'precision': 0.6711739262414637, 'recall': 0.6484862763576393, 'f1-score': 0.6148580580522328, 'support': 8489}};{'0': {'precision': 0.578586832424204, 'recall': 0.9722873587721168, 'f1-score': 0.7254652457451884, 'support': 4691}, '1': {'precision': 0.7758620689655172, 'recall': 0.11930010604453871, 'f1-score': 0.2068014705882353, 'support': 3772}, 'accuracy': 0.5921068179132696, 'macro avg': {'precision': 0.6772244506948606, 'recall': 0.5457937324083277, 'f1-score': 0.46613335816671186, 'support': 8463}, 'weighted avg': {'precision': 0.6665133587427475, 'recall': 0.5921068179132696, 'f1-score': 0.49429429455860835, 'support': 8463}};{'0': {'precision': 0.5824735702458286, 'recall': 0.9696776929601357, 'f1-score': 0.7277791040025463, 'support': 4716}, '1': {'precision': 0.7712, 'recall': 0.12819148936170213, 'f1-score': 0.21984036488027367, 'support': 3760}, 'accuracy': 0.596389806512506, 'macro avg': {'precision': 0.6768367851229142, 'recall': 0.5489345911609189, 'f1-score': 0.47380973444141, 'support': 8476}, 'weighted avg': {'precision': 0.6661936476261595, 'recall': 0.596389806512506, 'f1-score': 0.5024546987288624, 'support': 8476}};{'0': {'precision': 0.601383714741884, 'recall': 0.9505783385909569, 'f1-score': 0.7366962757721458, 'support': 4755}, '1': {'precision': 0.7668650793650794, 'recall': 0.2050941894401698, 'f1-score': 0.32363407996650617, 'support': 3769}, 'accuracy': 0.6209526044110746, 'macro avg': {'precision': 0.6841243970534817, 'recall': 0.5778362640155633, 'f1-score': 0.5301651778693259, 'support': 8524}, 'weighted avg': {'precision': 0.6745535016101176, 'recall': 0.6209526044110746, 'f1-score': 0.5540553306769492, 'support': 8524}}
[64, 32]_0.0001_0.3_20_['sigmoid', 'sigmoid'];{'0': {'precision': 0.0, 'recall': 0.0, 'f1-score': 0.0, 'support': 4747}, '1': {'precision': 0.4426441235176705, 'recall': 1.0, 'f1-score': 0.6136567103442663, 'support': 3770}, 'accuracy': 0.4426441235176705, 'macro avg': {'precision': 0.22132206175883526, 'recall': 0.5, 'f1-score': 0.30682835517213314, 'support': 8517}, 'weighted avg': {'precision': 0.19593382008472676, 'recall': 0.4426441235176705, 'f1-score': 0.27163153669107476, 'support': 8517}};{'0': {'precision': 0.0, 'recall': 0.0, 'f1-score': 0.0, 'support': 4725}, '1': {'precision': 0.4433973377311815, 'recall': 1.0, 'f1-score': 0.6143801517995593, 'support': 3764}, 'accuracy': 0.4433973377311815, 'macro avg': {'precision': 0.22169866886559075, 'recall': 0.5, 'f1-score': 0.30719007589977965, 'support': 8489}, 'weighted avg': {'precision': 0.19660119910709944, 'recall': 0.4433973377311815, 'f1-score': 0.2724145236628038, 'support': 8489}};{'0': {'precision': 0.0, 'recall': 0.0, 'f1-score': 0.0, 'support': 4691}, '1': {'precision': 0.445704832801607, 'recall': 1.0, 'f1-score': 0.6165917449938702, 'support': 3772}, 'accuracy': 0.445704832801607, 'macro avg': {'precision': 0.2228524164008035, 'recall': 0.5, 'f1-score': 0.3082958724969351, 'support': 8463}, 'weighted avg': {'precision': 0.19865279798270843, 'recall': 0.445704832801607, 'f1-score': 0.274817920609344, 'support': 8463}};{'0': {'precision': 0.0, 'recall': 0.0, 'f1-score': 0.0, 'support': 4716}, '1': {'precision': 0.44360547428032093, 'recall': 1.0, 'f1-score': 0.6145799280810722, 'support': 3760}, 'accuracy': 0.44360547428032093, 'macro avg': {'precision': 0.22180273714016047, 'recall': 0.5, 'f1-score': 0.3072899640405361, 'support': 8476}, 'weighted avg': {'precision': 0.19678581681146848, 'recall': 0.44360547428032093, 'f1-score': 0.27263102047956955, 'support': 8476}};{'0': {'precision': 0.0, 'recall': 0.0, 'f1-score': 0.0, 'support': 4755}, '1': {'precision': 0.44216330361332706, 'recall': 1.0, 'f1-score': 0.6131945009354918, 'support': 3769}, 'accuracy': 0.44216330361332706, 'macro avg': {'precision': 0.22108165180666353, 'recall': 0.5, 'f1-score': 0.3065972504677459, 'support': 8524}, 'weighted avg': {'precision': 0.19550838706225127, 'recall': 0.44216330361332706, 'f1-score': 0.2711321062911624, 'support': 8524}}
[64, 32]_0.0001_0.3_50_['tanh', 'tanh'];{'0': {'precision': 0.5665143132066394, 'recall': 0.9922056035390773, 'f1-score': 0.7212311461603246, 'support': 4747}, '1': {'precision': 0.8177339901477833, 'recall': 0.04403183023872679, 'f1-score': 0.0835640573873647, 'support': 3770}, 'accuracy': 0.5725020547141012, 'macro avg': {'precision': 0.6921241516772113, 'recall': 0.518118716888902, 'f1-score': 0.40239760177384465, 'support': 8517}, 'weighted avg': {'precision': 0.6777152269166443, 'recall': 0.5725020547141012, 'f1-score': 0.4389715565543531, 'support': 8517}};{'0': {'precision': 0.6289820714179879, 'recall': 0.8984126984126984, 'f1-score': 0.7399337632909186, 'support': 4725}, '1': {'precision': 0.7241379310344828, 'recall': 0.33475026567481403, 'f1-score': 0.4578488372093023, 'support': 3764}, 'accuracy': 0.6484862763576393, 'macro avg': {'precision': 0.6765600012262354, 'recall': 0.6165814820437563, 'f1-score': 0.5988913002501105, 'support': 8489}, 'weighted avg': {'precision': 0.6711739262414637, 'recall': 0.6484862763576393, 'f1-score': 0.6148580580522328, 'support': 8489}};{'0': {'precision': 0.578586832424204, 'recall': 0.9722873587721168, 'f1-score': 0.7254652457451884, 'support': 4691}, '1': {'precision': 0.7758620689655172, 'recall': 0.11930010604453871, 'f1-score': 0.2068014705882353, 'support': 3772}, 'accuracy': 0.5921068179132696, 'macro avg': {'precision': 0.6772244506948606, 'recall': 0.5457937324083277, 'f1-score': 0.46613335816671186, 'support': 8463}, 'weighted avg': {'precision': 0.6665133587427475, 'recall': 0.5921068179132696, 'f1-score': 0.49429429455860835, 'support': 8463}};{'0': {'precision': 0.5824735702458286, 'recall': 0.9696776929601357, 'f1-score': 0.7277791040025463, 'support': 4716}, '1': {'precision': 0.7712, 'recall': 0.12819148936170213, 'f1-score': 0.21984036488027367, 'support': 3760}, 'accuracy': 0.596389806512506, 'macro avg': {'precision': 0.6768367851229142, 'recall': 0.5489345911609189, 'f1-score': 0.47380973444141, 'support': 8476}, 'weighted avg': {'precision': 0.6661936476261595, 'recall': 0.596389806512506, 'f1-score': 0.5024546987288624, 'support': 8476}};{'0': {'precision': 0.601383714741884, 'recall': 0.9505783385909569, 'f1-score': 0.7366962757721458, 'support': 4755}, '1': {'precision': 0.7668650793650794, 'recall': 0.2050941894401698, 'f1-score': 0.32363407996650617, 'support': 3769}, 'accuracy': 0.6209526044110746, 'macro avg': {'precision': 0.6841243970534817, 'recall': 0.5778362640155633, 'f1-score': 0.5301651778693259, 'support': 8524}, 'weighted avg': {'precision': 0.6745535016101176, 'recall': 0.6209526044110746, 'f1-score': 0.5540553306769492, 'support': 8524}}
[64, 32]_0.0001_0.3_50_['sigmoid', 'sigmoid'];{'0': {'precision': 0.0, 'recall': 0.0, 'f1-score': 0.0, 'support': 4747}, '1': {'precision': 0.4426441235176705, 'recall': 1.0, 'f1-score': 0.6136567103442663, 'support': 3770}, 'accuracy': 0.4426441235176705, 'macro avg': {'precision': 0.22132206175883526, 'recall': 0.5, 'f1-score': 0.30682835517213314, 'support': 8517}, 'weighted avg': {'precision': 0.19593382008472676, 'recall': 0.4426441235176705, 'f1-score': 0.27163153669107476, 'support': 8517}};{'0': {'precision': 0.0, 'recall': 0.0, 'f1-score': 0.0, 'support': 4725}, '1': {'precision': 0.4433973377311815, 'recall': 1.0, 'f1-score': 0.6143801517995593, 'support': 3764}, 'accuracy': 0.4433973377311815, 'macro avg': {'precision': 0.22169866886559075, 'recall': 0.5, 'f1-score': 0.30719007589977965, 'support': 8489}, 'weighted avg': {'precision': 0.19660119910709944, 'recall': 0.4433973377311815, 'f1-score': 0.2724145236628038, 'support': 8489}};{'0': {'precision': 0.0, 'recall': 0.0, 'f1-score': 0.0, 'support': 4691}, '1': {'precision': 0.445704832801607, 'recall': 1.0, 'f1-score': 0.6165917449938702, 'support': 3772}, 'accuracy': 0.445704832801607, 'macro avg': {'precision': 0.2228524164008035, 'recall': 0.5, 'f1-score': 0.3082958724969351, 'support': 8463}, 'weighted avg': {'precision': 0.19865279798270843, 'recall': 0.445704832801607, 'f1-score': 0.274817920609344, 'support': 8463}};{'0': {'precision': 0.0, 'recall': 0.0, 'f1-score': 0.0, 'support': 4716}, '1': {'precision': 0.44360547428032093, 'recall': 1.0, 'f1-score': 0.6145799280810722, 'support': 3760}, 'accuracy': 0.44360547428032093, 'macro avg': {'precision': 0.22180273714016047, 'recall': 0.5, 'f1-score': 0.3072899640405361, 'support': 8476}, 'weighted avg': {'precision': 0.19678581681146848, 'recall': 0.44360547428032093, 'f1-score': 0.27263102047956955, 'support': 8476}};{'0': {'precision': 0.0, 'recall': 0.0, 'f1-score': 0.0, 'support': 4755}, '1': {'precision': 0.44216330361332706, 'recall': 1.0, 'f1-score': 0.6131945009354918, 'support': 3769}, 'accuracy': 0.44216330361332706, 'macro avg': {'precision': 0.22108165180666353, 'recall': 0.5, 'f1-score': 0.3065972504677459, 'support': 8524}, 'weighted avg': {'precision': 0.19550838706225127, 'recall': 0.44216330361332706, 'f1-score': 0.2711321062911624, 'support': 8524}}
[64, 32]_0.0001_0.4_20_['tanh', 'tanh'];{'0': {'precision': 0.5910795087265676, 'recall': 0.9631346113334738, 'f1-score': 0.7325749078673289, 'support': 4747}, '1': {'precision': 0.7762148337595908, 'recall': 0.1610079575596817, 'f1-score': 0.2666959578207381, 'support': 3770}, 'accuracy': 0.6080779617236116, 'macro avg': {'precision': 0.6836471712430792, 'recall': 0.5620712844465777, 'f1-score': 0.49963543284403356, 'support': 8517}, 'weighted avg': {'precision': 0.6730285724079692, 'recall': 0.6080779617236116, 'f1-score': 0.5263563283586231, 'support': 8517}};{'0': {'precision': 0.5600950118764846, 'recall': 0.9980952380952381, 'f1-score': 0.7175351844807913, 'support': 4725}, '1': {'precision': 0.8695652173913043, 'recall': 0.015940488841657812, 'f1-score': 0.031307070180015655, 'support': 3764}, 'accuracy': 0.5626104370361644, 'macro avg': {'precision': 0.7148301146338945, 'recall': 0.507017863468448, 'f1-score': 0.3744211273304035, 'support': 8489}, 'weighted avg': {'precision': 0.6973132771088772, 'recall': 0.5626104370361644, 'f1-score': 0.41326346552353843, 'support': 8489}};{'0': {'precision': 0.5730673316708229, 'recall': 0.9797484544873162, 'f1-score': 0.7231531744158602, 'support': 4691}, '1': {'precision': 0.7855530474040632, 'recall': 0.09225874867444327, 'f1-score': 0.16512455516014235, 'support': 3772}, 'accuracy': 0.5841900035448423, 'macro avg': {'precision': 0.679310189537443, 'recall': 0.5360036015808797, 'f1-score': 0.4441388647880013, 'support': 8463}, 'weighted avg': {'precision': 0.6677732420744366, 'recall': 0.5841900035448423, 'f1-score': 0.47443712197197885, 'support': 8463}};{'0': {'precision': 0.6120448179271709, 'recall': 0.9266327396098388, 'f1-score': 0.7371794871794871, 'support': 4716}, '1': {'precision': 0.7410179640718563, 'recall': 0.2632978723404255, 'f1-score': 0.38854003139717425, 'support': 3760}, 'accuracy': 0.6323737612081171, 'macro avg': {'precision': 0.6765313909995136, 'recall': 0.5949653059751322, 'f1-score': 0.5628597592883307, 'support': 8476}, 'weighted avg': {'precision': 0.6692580115921092, 'recall': 0.6323737612081171, 'f1-score': 0.5825211160443412, 'support': 8476}};{'0': {'precision': 0.6308842938847339, 'recall': 0.9047318611987382, 'f1-score': 0.7433903576982894, 'support': 4755}, '1': {'precision': 0.7343108504398826, 'recall': 0.3321836030777395, 'f1-score': 0.4574351479722324, 'support': 3769}, 'accuracy': 0.6515720319099014, 'macro avg': {'precision': 0.6825975721623083, 'recall': 0.6184577321382388, 'f1-score': 0.600412752835261, 'support': 8524}, 'weighted avg': {'precision': 0.6766157218125091, 'recall': 0.6515720319099014, 'f1-score': 0.6169514574803743, 'support': 8524}}
[64, 32]_0.0001_0.4_20_['sigmoid', 'sigmoid'];{'0': {'precision': 0.0, 'recall': 0.0, 'f1-score': 0.0, 'support': 4747}, '1': {'precision': 0.4426441235176705, 'recall': 1.0, 'f1-score': 0.6136567103442663, 'support': 3770}, 'accuracy': 0.4426441235176705, 'macro avg': {'precision': 0.22132206175883526, 'recall': 0.5, 'f1-score': 0.30682835517213314, 'support': 8517}, 'weighted avg': {'precision': 0.19593382008472676, 'recall': 0.4426441235176705, 'f1-score': 0.27163153669107476, 'support': 8517}};{'0': {'precision': 0.0, 'recall': 0.0, 'f1-score': 0.0, 'support': 4725}, '1': {'precision': 0.4433973377311815, 'recall': 1.0, 'f1-score': 0.6143801517995593, 'support': 3764}, 'accuracy': 0.4433973377311815, 'macro avg': {'precision': 0.22169866886559075, 'recall': 0.5, 'f1-score': 0.30719007589977965, 'support': 8489}, 'weighted avg': {'precision': 0.19660119910709944, 'recall': 0.4433973377311815, 'f1-score': 0.2724145236628038, 'support': 8489}};{'0': {'precision': 0.0, 'recall': 0.0, 'f1-score': 0.0, 'support': 4691}, '1': {'precision': 0.445704832801607, 'recall': 1.0, 'f1-score': 0.6165917449938702, 'support': 3772}, 'accuracy': 0.445704832801607, 'macro avg': {'precision': 0.2228524164008035, 'recall': 0.5, 'f1-score': 0.3082958724969351, 'support': 8463}, 'weighted avg': {'precision': 0.19865279798270843, 'recall': 0.445704832801607, 'f1-score': 0.274817920609344, 'support': 8463}};{'0': {'precision': 0.0, 'recall': 0.0, 'f1-score': 0.0, 'support': 4716}, '1': {'precision': 0.44360547428032093, 'recall': 1.0, 'f1-score': 0.6145799280810722, 'support': 3760}, 'accuracy': 0.44360547428032093, 'macro avg': {'precision': 0.22180273714016047, 'recall': 0.5, 'f1-score': 0.3072899640405361, 'support': 8476}, 'weighted avg': {'precision': 0.19678581681146848, 'recall': 0.44360547428032093, 'f1-score': 0.27263102047956955, 'support': 8476}};{'0': {'precision': 0.0, 'recall': 0.0, 'f1-score': 0.0, 'support': 4755}, '1': {'precision': 0.44216330361332706, 'recall': 1.0, 'f1-score': 0.6131945009354918, 'support': 3769}, 'accuracy': 0.44216330361332706, 'macro avg': {'precision': 0.22108165180666353, 'recall': 0.5, 'f1-score': 0.3065972504677459, 'support': 8524}, 'weighted avg': {'precision': 0.19550838706225127, 'recall': 0.44216330361332706, 'f1-score': 0.2711321062911624, 'support': 8524}}
[64, 32]_0.0001_0.4_50_['tanh', 'tanh'];{'0': {'precision': 0.5910795087265676, 'recall': 0.9631346113334738, 'f1-score': 0.7325749078673289, 'support': 4747}, '1': {'precision': 0.7762148337595908, 'recall': 0.1610079575596817, 'f1-score': 0.2666959578207381, 'support': 3770}, 'accuracy': 0.6080779617236116, 'macro avg': {'precision': 0.6836471712430792, 'recall': 0.5620712844465777, 'f1-score': 0.49963543284403356, 'support': 8517}, 'weighted avg': {'precision': 0.6730285724079692, 'recall': 0.6080779617236116, 'f1-score': 0.5263563283586231, 'support': 8517}};{'0': {'precision': 0.5600950118764846, 'recall': 0.9980952380952381, 'f1-score': 0.7175351844807913, 'support': 4725}, '1': {'precision': 0.8695652173913043, 'recall': 0.015940488841657812, 'f1-score': 0.031307070180015655, 'support': 3764}, 'accuracy': 0.5626104370361644, 'macro avg': {'precision': 0.7148301146338945, 'recall': 0.507017863468448, 'f1-score': 0.3744211273304035, 'support': 8489}, 'weighted avg': {'precision': 0.6973132771088772, 'recall': 0.5626104370361644, 'f1-score': 0.41326346552353843, 'support': 8489}};{'0': {'precision': 0.5730673316708229, 'recall': 0.9797484544873162, 'f1-score': 0.7231531744158602, 'support': 4691}, '1': {'precision': 0.7855530474040632, 'recall': 0.09225874867444327, 'f1-score': 0.16512455516014235, 'support': 3772}, 'accuracy': 0.5841900035448423, 'macro avg': {'precision': 0.679310189537443, 'recall': 0.5360036015808797, 'f1-score': 0.4441388647880013, 'support': 8463}, 'weighted avg': {'precision': 0.6677732420744366, 'recall': 0.5841900035448423, 'f1-score': 0.47443712197197885, 'support': 8463}};{'0': {'precision': 0.6120448179271709, 'recall': 0.9266327396098388, 'f1-score': 0.7371794871794871, 'support': 4716}, '1': {'precision': 0.7410179640718563, 'recall': 0.2632978723404255, 'f1-score': 0.38854003139717425, 'support': 3760}, 'accuracy': 0.6323737612081171, 'macro avg': {'precision': 0.6765313909995136, 'recall': 0.5949653059751322, 'f1-score': 0.5628597592883307, 'support': 8476}, 'weighted avg': {'precision': 0.6692580115921092, 'recall': 0.6323737612081171, 'f1-score': 0.5825211160443412, 'support': 8476}};{'0': {'precision': 0.6308842938847339, 'recall': 0.9047318611987382, 'f1-score': 0.7433903576982894, 'support': 4755}, '1': {'precision': 0.7343108504398826, 'recall': 0.3321836030777395, 'f1-score': 0.4574351479722324, 'support': 3769}, 'accuracy': 0.6515720319099014, 'macro avg': {'precision': 0.6825975721623083, 'recall': 0.6184577321382388, 'f1-score': 0.600412752835261, 'support': 8524}, 'weighted avg': {'precision': 0.6766157218125091, 'recall': 0.6515720319099014, 'f1-score': 0.6169514574803743, 'support': 8524}}
[64, 32]_0.0001_0.4_50_['sigmoid', 'sigmoid'];{'0': {'precision': 0.0, 'recall': 0.0, 'f1-score': 0.0, 'support': 4747}, '1': {'precision': 0.4426441235176705, 'recall': 1.0, 'f1-score': 0.6136567103442663, 'support': 3770}, 'accuracy': 0.4426441235176705, 'macro avg': {'precision': 0.22132206175883526, 'recall': 0.5, 'f1-score': 0.30682835517213314, 'support': 8517}, 'weighted avg': {'precision': 0.19593382008472676, 'recall': 0.4426441235176705, 'f1-score': 0.27163153669107476, 'support': 8517}};{'0': {'precision': 0.0, 'recall': 0.0, 'f1-score': 0.0, 'support': 4725}, '1': {'precision': 0.4433973377311815, 'recall': 1.0, 'f1-score': 0.6143801517995593, 'support': 3764}, 'accuracy': 0.4433973377311815, 'macro avg': {'precision': 0.22169866886559075, 'recall': 0.5, 'f1-score': 0.30719007589977965, 'support': 8489}, 'weighted avg': {'precision': 0.19660119910709944, 'recall': 0.4433973377311815, 'f1-score': 0.2724145236628038, 'support': 8489}};{'0': {'precision': 0.0, 'recall': 0.0, 'f1-score': 0.0, 'support': 4691}, '1': {'precision': 0.445704832801607, 'recall': 1.0, 'f1-score': 0.6165917449938702, 'support': 3772}, 'accuracy': 0.445704832801607, 'macro avg': {'precision': 0.2228524164008035, 'recall': 0.5, 'f1-score': 0.3082958724969351, 'support': 8463}, 'weighted avg': {'precision': 0.19865279798270843, 'recall': 0.445704832801607, 'f1-score': 0.274817920609344, 'support': 8463}};{'0': {'precision': 0.0, 'recall': 0.0, 'f1-score': 0.0, 'support': 4716}, '1': {'precision': 0.44360547428032093, 'recall': 1.0, 'f1-score': 0.6145799280810722, 'support': 3760}, 'accuracy': 0.44360547428032093, 'macro avg': {'precision': 0.22180273714016047, 'recall': 0.5, 'f1-score': 0.3072899640405361, 'support': 8476}, 'weighted avg': {'precision': 0.19678581681146848, 'recall': 0.44360547428032093, 'f1-score': 0.27263102047956955, 'support': 8476}};{'0': {'precision': 0.0, 'recall': 0.0, 'f1-score': 0.0, 'support': 4755}, '1': {'precision': 0.44216330361332706, 'recall': 1.0, 'f1-score': 0.6131945009354918, 'support': 3769}, 'accuracy': 0.44216330361332706, 'macro avg': {'precision': 0.22108165180666353, 'recall': 0.5, 'f1-score': 0.3065972504677459, 'support': 8524}, 'weighted avg': {'precision': 0.19550838706225127, 'recall': 0.44216330361332706, 'f1-score': 0.2711321062911624, 'support': 8524}}
